import_id,date,ticker,type,quantity,price_per_share,total_amount,currency,fx_rate
2,13/07/2020 15:51:41,ABBV,BUY,0.10088781,99.12,10,USD,0.0032112
4,23/07/2020 18:12:25,ABBV,BUY,3.97391481,98.14,390,USD,0.003349
5,23/07/2020 18:13:22,PAYX,BUY,5.4659743,73.18,400,USD,0.003348
6,23/07/2020 18:14:05,JNJ,BUY,2.6652452,150.08,400,USD,0.0033486
7,23/07/2020 18:14:37,KO,BUY,8.29531314,48.22,400,USD,0.0033485
9,23/07/2020 18:19:06,HAS,BUY,5.04032258,79.36,400,USD,0.0033507
10,23/07/2020 18:19:29,MCD,BUY,2.03655618,196.41,400,USD,0.0033506
11,23/07/2020 18:19:57,MO,BUY,9.65950253,41.41,400,USD,0.003349
13,23/07/2020 18:23:47,T,BUY,13.38688085,29.88,400,USD,0.0033487
14,23/07/2020 18:23:59,T,BUY,2.17536813,29.88,65,USD,0.0033509
15,23/07/2020 18:39:01,T,SELL,15.56224898,29.79,463.6,USD,0.0033472
16,23/07/2020 18:40:07,MSFT,BUY,2.28179981,202.91,463,USD,0.0033465
19,24/07/2020 13:31:52,PFE,BUY,5.25348043,38.07,200,USD,0.0033526
20,24/07/2020 13:49:49,AVGO,BUY,1.30263457,307.07,400,USD,0.0033527
21,24/07/2020 13:51:50,T,BUY,13.28903654,30.1,400,USD,0.0033523
22,24/07/2020 13:54:17,O,BUY,3.49650349,57.2,200,USD,0.0033513
24,27/07/2020 13:35:54,JPM,BUY,4.13693246,96.69,400,USD,0.0033948
25,27/07/2020 13:36:17,BEN,BUY,19.49317738,20.52,400,USD,0.0033947
26,27/07/2020 13:36:35,O,BUY,3.52298749,56.77,200,USD,0.0033946
27,27/07/2020 13:36:51,SPG,BUY,5.07614213,59.1,300,USD,0.0033927
28,27/07/2020 13:37:11,HON,BUY,2.69305864,148.53,400,USD,0.0033948
29,27/07/2020 13:37:35,TSLA,BUY,0.2803437,1426.82,400,USD,0.0033927
30,27/07/2020 13:41:30,HAS,BUY,0.48638132,71.96,35,USD,0.0033953
31,27/07/2020 13:41:54,T,BUY,0.34036759,29.38,10,USD,0.0033974
32,27/07/2020 13:42:06,ABBV,BUY,0.0724038,96.68,7,USD,0.0033973
33,27/07/2020 13:42:23,PAYX,BUY,0.09697977,72.18,7,USD,0.003396
34,27/07/2020 13:42:40,PFE,BUY,0.10686615,37.43,4,USD,0.0033967
35,27/07/2020 13:43:06,JNJ,BUY,0.05432199,147.27,8,USD,0.003398
37,29/07/2020 13:33:59,INTC,BUY,4.06834825,49.16,200,USD,0.0033977
38,30/07/2020 14:17:29,BLK,BUY,0.3536443,565.54,200,USD,0.0034122
39,03/08/2020 13:34:29,GOOGL,BUY,0.13371835,1492.54,199.58,USD,0.0033819
40,03/08/2020 13:34:39,T,SELL,13.62940413,29.72,405.07,USD,0.0033817
41,03/08/2020 13:35:43,GOOGL,BUY,0.13460037,1485.88,200,USD,0.0033819
42,03/08/2020 13:36:07,MSFT,BUY,0.95763068,214.07,205,USD,0.0033815
44,07/08/2020 13:32:50,SCHW,BUY,6.04229607,33.1,200,USD,0.0033938
45,07/08/2020 13:32:51,BAC,BUY,7.89889415,25.32,200,USD,0.0033935
46,07/08/2020 13:32:58,KO,BUY,0.16916895,47.29,8,USD,0.0033937
47,07/08/2020 13:33:06,ABBV,BUY,0.16175994,92.73,15,USD,0.0033954
49,12/08/2020 13:31:38,PRU,BUY,4.14880376,72.31,300,USD,0.0034194
50,13/08/2020 23:29:01,,CUSTODY_FEE,,,-0.06,USD,0.0034225
51,17/08/2020 04:29:31,ABBV,DIVIDEND,,,0.1,USD,0.0034235
52,17/08/2020 04:29:32,O,DIVIDEND,,,1.39,USD,0.0034235
53,18/08/2020 05:27:24,HAS,DIVIDEND,,,3.2,USD,0.0034098
54,19/08/2020 16:51:22,PRU,BUY,0.20319303,68.9,14,USD,0.0034108
55,25/08/2020 13:30:04,PRU,BUY,0.48183118,69.9,33.68,USD,0.003346
56,25/08/2020 13:32:19,KO,SELL,8.46448209,47.83,404.86,USD,0.0033455
57,25/08/2020 13:32:57,FB,BUY,1.49569586,270.67,404.84,USD,0.003346
58,28/08/2020 05:41:14,PAYX,DIVIDEND,,,2.93,USD,0.0033354
59,31/08/2020 08:20:33,TSLA,STOCK SPLIT,1.1213748,,,USD,0.0033609
60,31/08/2020 13:35:26,HAS,SELL,5.5267039,79.64,440.15,USD,0.003359
61,31/08/2020 13:37:23,TSLA,BUY,0.45035916,444.09,200,USD,0.0033573
62,31/08/2020 13:37:54,QCOM,BUY,2.05321844,118.38,243.06,USD,0.0033574
63,01/09/2020 0:01:44,,CUSTODY_FEE,,,-0.07,USD,0.003363
64,02/09/2020 6:36:36,INTC,DIVIDEND,,,1.14,USD,0.0033393
65,02/09/2020 6:36:36,PFE,DIVIDEND,,,1.73,USD,0.0033393
66,08/09/2020 6:02:02,HON,DIVIDEND,,,2.06,USD,0.003283
67,08/09/2020 13:48:06,INTC,SELL,4.06834825,49.39,200.94,USD,0.0032832
68,08/09/2020 13:49:02,V,BUY,1.02306736,201.15,205.79,USD,0.003284
70,08/09/2020 18:38:30,JPM,SELL,1.9962072,100.19,200,USD,0.0032968
71,08/09/2020 18:39:25,PAYX,SELL,5.56295407,74.39,413.83,USD,0.0032962
72,08/09/2020 18:42:10,MO,SELL,9.65950253,43.02,415.55,USD,0.003296
73,08/09/2020 18:42:25,BEN,SELL,19.49317738,20.52,400,USD,0.003296
74,08/09/2020 18:42:51,SPG,SELL,5.07614213,70.17,356.19,USD,0.0032962
75,08/09/2020 18:43:04,SCHW,SELL,6.04229607,34.82,210.39,USD,0.003296
76,08/09/2020 18:50:24,SQ,BUY,1.43153675,139.71,200,USD,0.0032959
77,08/09/2020 18:50:47,PYPL,BUY,1.0721561,186.54,200,USD,0.0032978
78,08/09/2020 18:51:59,MA,BUY,0.6082725,328.8,200,USD,0.0032957
79,08/09/2020 18:53:42,AAPL,BUY,1.76056338,113.6,200,USD,0.0032954
80,08/09/2020 18:54:42,NFLX,BUY,0.39578097,505.33,200,USD,0.0032954
81,09/09/2020 5:47:03,JNJ,DIVIDEND,,,2.34,USD,0.003299
82,09/09/2020 15:30:52,LMND,BUY,1.97511356,50.63,100,USD,0.0033163
83,09/09/2020 15:31:23,CRSP,BUY,1.18666192,84.27,100,USD,0.003315
84,10/09/2020 13:57:51,AMZN,BUY,0.06015272,3324.87,200,USD,0.0033357
85,10/09/2020 14:00:02,FB,BUY,0.36451119,274.34,100,USD,0.0033359
86,11/09/2020 6:31:56,MSFT,DIVIDEND,,,1.4,USD,0.0033147
87,14/09/2020 13:31:52,CRM,BUY,1.21876904,246.15,300,USD,0.0033255
88,14/09/2020 13:31:54,NVDA,BUY,0.19064323,524.54,100,USD,0.0033255
89,14/09/2020 13:44:45,AMZN,BUY,0.00315119,3173.4,10,USD,0.0033245
90,14/09/2020 13:45:07,NFLX,BUY,0.01861427,483.5,9,USD,0.003325
91,15/09/2020 14:02:21,NVDA,BUY,0.09503896,526.1,50,USD,0.0033188
92,15/09/2020 18:51:32,,CASH WITHDRAWAL,,,-370,USD,0.0033139
93,16/09/2020 07:31:01,MCD,DIVIDEND,,,2.17,USD,0.0033088
94,16/09/2020 07:31:22,O,DIVIDEND,,,1.39,USD,0.0033112
95,18/09/2020 05:27:14,PRU,DIVIDEND,,,4.07,USD,0.0032882
96,21/09/2020 14:00:04,AAPL,BUY,0.23292648,107.33,25,USD,0.0032376
97,21/09/2020 14:00:24,AMZN,BUY,0.00513484,2921.22,15,USD,0.0032376
98,21/09/2020 14:00:44,BLK,SELL,0.3536443,555.7,196.52,USD,0.0032394
99,21/09/2020 14:00:58,CRM,BUY,0.01642777,243.49,4,USD,0.0032402
100,21/09/2020 14:01:13,FB,BUY,0.17491051,245.84,43,USD,0.00324
101,21/09/2020 14:01:27,GOOGL,BUY,0.01335038,1423.18,19,USD,0.0032397
102,21/09/2020 14:01:46,MSFT,BUY,0.05055867,197.79,10,USD,0.0032405
103,21/09/2020 14:02:08,NFLX,BUY,0.02505533,478.94,12,USD,0.0032406
104,21/09/2020 14:02:28,NVDA,BUY,0.02705458,480.51,13,USD,0.003238
105,21/09/2020 14:02:49,PYPL,BUY,0.11885895,176.68,21,USD,0.0032382
106,21/09/2020 14:08:57,V,BUY,0.0908632,198.1,18,USD,0.0032417
107,21/09/2020 14:12:40,AMZN,BUY,0.00688093,2906.58,20,USD,0.0032427
108,21/09/2020 19:04:08,FB,BUY,0.27867528,247.6,69,USD,0.0032463
109,21/09/2020 19:04:24,AMZN,BUY,0.01100526,2907.7,32,USD,0.0032452
110,21/09/2020 19:04:38,AAPL,BUY,0.29701132,107.74,32,USD,0.0032472
111,23/09/2020 05:29:14,BLK,DIVIDEND,,,1.09,USD,0.0032204
112,23/09/2020 19:40:01,FB,BUY,0.13113117,250.36,32.83,USD,0.00319
113,24/09/2020 15:19:27,CRM,BUY,0.21069487,237.31,50,USD,0.0032004
114,24/09/2020 15:19:42,TSLA,BUY,0.13065405,382.69,50,USD,0.0032002
115,24/09/2020 18:06:48,PFE,SELL,5.36034658,35.72,191.47,USD,0.0032147
116,24/09/2020 19:04:46,FB,BUY,0.20115058,248.57,50,USD,0.003214
117,24/09/2020 19:06:19,TWLO,BUY,0.41452495,241.24,100,USD,0.003214
118,24/09/2020 19:07:27,NFLX,BUY,0.04240162,471.68,20,USD,0.0032142
119,24/09/2020 19:07:44,NVDA,BUY,0.04341756,494.27,21.46,USD,0.0032143
120,25/09/2020 05:31:59,QCOM,DIVIDEND,,,1.13,USD,0.0032128
121,28/09/2020 04:20:40,BAC,DIVIDEND,,,1.21,USD,0.0032034
122,28/09/2020 13:38:54,HON,SELL,0.91625435,163.71,150,USD,0.0032038
123,28/09/2020 13:39:07,MCD,SELL,0.67922477,220.84,150,USD,0.003206
124,28/09/2020 13:39:27,O,SELL,2.45499181,61.1,150,USD,0.0032051
125,28/09/2020 13:39:49,SQ,BUY,1.2183978,164.15,200,USD,0.0032032
126,28/09/2020 13:40:12,NFLX,BUY,0.15306122,490,75,USD,0.003203
127,28/09/2020 13:40:35,AMZN,BUY,0.02379547,3151.86,75,USD,0.0032053
128,28/09/2020 13:40:50,GOOGL,BUY,0.03414321,1464.42,50,USD,0.0032027
129,28/09/2020 13:41:26,FB,BUY,0.20243808,258.4,52.31,USD,0.0032044
130,01/10/2020 0:04:06,,CUSTODY_FEE,,,-0.07,USD,0.003226
131,01/10/2020 6:16:35,AVGO,DIVIDEND,,,3.6,USD,0.0032367
132,06/10/2020 15:02:24,PRU,SELL,4.83382797,67.26,325.12,USD,0.0032789
133,06/10/2020 19:25:33,JNJ,SELL,1.00622903,146.09,147,USD,0.0032595
134,06/10/2020 19:26:36,SQ,BUY,0.20515158,175.48,36,USD,0.00326
135,06/10/2020 19:27:09,PYPL,BUY,0.11448196,192.17,22,USD,0.0032603
136,09/10/2020 13:42:21,DIS,BUY,2.0035262,124.78,250,USD,0.0033186
137,12/10/2020 13:30:02,LMND,BUY,0.74239049,67.35,50,USD,0.003307
138,12/10/2020 13:37:21,CRSP,BUY,0.5009518,99.81,50,USD,0.0033062
139,12/10/2020 13:38:29,ABBV,SELL,4.30896636,87.55,377.25,USD,0.003308
140,12/10/2020 13:38:54,BAC,SELL,7.89889415,25.36,200.32,USD,0.003306
141,12/10/2020 13:45:29,NVTA,BUY,0.92114959,54.28,50,USD,0.003307
142,12/10/2020 18:40:52,TSLA,BUY,0.02460189,447.12,11,USD,0.0033048
143,12/10/2020 18:41:06,SQ,BUY,0.10217251,185.96,19,USD,0.0033029
144,12/10/2020 18:41:20,CRM,BUY,0.06709908,268.26,18,USD,0.0033049
145,12/10/2020 18:41:32,AMZN,BUY,0.00544579,3488.93,19,USD,0.0033049
146,12/10/2020 18:41:45,NFLX,BUY,0.03458884,549.31,19,USD,0.0033027
147,12/10/2020 18:41:59,PYPL,BUY,0.09317836,203.91,19,USD,0.0033049
148,12/10/2020 18:42:12,V,BUY,0.09167671,207.25,19,USD,0.0033027
149,12/10/2020 18:42:26,MA,BUY,0.053768,353.37,19,USD,0.0033048
150,15/10/2020 13:30:19,JNJ,SELL,1.71333816,147.48,252.68,USD,0.0032076
151,15/10/2020 13:31:27,JPM,SELL,2.14072526,99.27,212.51,USD,0.0032081
152,16/10/2020 05:42:07,O,DIVIDEND,,,0.91,USD,0.0032101
153,19/10/2020 13:30:01,PYPL,BUY,0.11165048,206,23,USD,0.0032209
154,19/10/2020 13:30:02,V,BUY,0.11442786,201,23,USD,0.003221
155,19/10/2020 13:30:02,PTON,BUY,0.19092714,130.94,25,USD,0.003221
156,19/10/2020 13:30:02,MA,BUY,0.06744868,341,23,USD,0.003221
157,19/10/2020 13:30:02,CRM,BUY,0.08836297,260.29,23,USD,0.003221
158,19/10/2020 13:30:03,NFLX,BUY,0.04278671,537.55,23,USD,0.003223
159,19/10/2020 13:30:05,SQ,BUY,0.23954008,187.86,45,USD,0.00322
160,19/10/2020 13:30:05,AMZN,BUY,0.00697392,3298,23,USD,0.00322
161,19/10/2020 13:30:13,BABA,BUY,0.96974398,309.36,300,USD,0.0032227
162,19/10/2020 13:30:23,PTON,BUY,1.33587786,131,175,USD,0.003221
163,19/10/2020 13:30:27,TSLA,BUY,0.05839022,445.28,26,USD,0.00322
164,19/10/2020 17:23:36,O,SELL,4.56449917,59.33,270.81,USD,0.0032284
165,27/10/2020 13:30:35,PYPL,BUY,0.13564431,199.05,27,USD,0.003238
166,27/10/2020 13:30:39,CRM,BUY,0.10900722,247.69,27,USD,0.003238
167,27/10/2020 13:30:43,SQ,BUY,0.30785017,175.41,54,USD,0.003238
168,27/10/2020 13:30:47,MA,BUY,0.08469259,318.8,27,USD,0.003238
169,27/10/2020 13:30:48,NFLX,BUY,0.0551617,489.47,27,USD,0.0032401
170,27/10/2020 13:31:00,TSLA,BUY,0.06402655,421.7,27,USD,0.0032382
171,27/10/2020 13:31:03,AMZN,BUY,0.00744895,3221.93,24,USD,0.003238
172,27/10/2020 13:31:07,V,BUY,0.13950604,193.54,27,USD,0.003238
173,28/10/2020 15:05:22,MA,BUY,0.08411843,297.2,25,USD,0.0031913
174,28/10/2020 15:05:36,V,BUY,0.13841213,180.62,25,USD,0.0031935
175,01/11/2020 0:00:40,,CUSTODY_FEE,,,-0.07,USD,0.0032128
176,04/11/2020 8:02:40,JPM,DIVIDEND,,,1.64,USD,0.0031971
177,04/11/2020 14:30:02,MA,BUY,0.13115184,304.99,40,USD,0.0032152
178,04/11/2020 14:30:02,V,BUY,0.14476614,193.07,27.95,USD,0.0032152
179,04/11/2020 14:30:03,SQ,BUY,0.13182335,166.89,22,USD,0.0032152
180,04/11/2020 14:30:03,AMZN,BUY,0.00853719,3162.63,27,USD,0.0032152
181,04/11/2020 14:30:04,PYPL,BUY,0.14450867,186.84,27,USD,0.0032151
182,04/11/2020 14:30:22,BABA,BUY,0.11110339,288.02,32,USD,0.0032161
183,04/11/2020 14:30:30,CRM,BUY,0.05675138,246.69,14,USD,0.0032179
185,09/11/2020 14:30:02,SQ,BUY,0.17135735,192.58,33,USD,0.0033358
186,09/11/2020 14:30:04,TSLA,BUY,0.07502046,439.88,33,USD,0.0033359
187,09/11/2020 14:30:08,NFLX,BUY,0.06798796,485.38,33,USD,0.0033334
188,09/11/2020 14:30:42,FSLY,BUY,4.33150447,69.26,300,USD,0.0033354
189,10/11/2020 8:17:51,MA,DIVIDEND,,,0.2,USD,0.0032969
190,10/11/2020 14:30:02,LMND,BUY,0.32183908,65.25,21,USD,0.003312
191,10/11/2020 14:30:03,TSLA,BUY,0.09919481,419.78,41.64,USD,0.0033142
192,10/11/2020 14:30:05,SQ,BUY,0.21878247,182.83,40,USD,0.0033137
193,10/11/2020 14:31:12,HON,SELL,1.77680429,198.87,353.35,USD,0.0033094
194,13/11/2020 07:12:41,AAPL,DIVIDEND,,,0.4,USD,0.0033292
195,13/11/2020 14:30:20,MCD,SELL,1.35733141,213.58,289.9,USD,0.0033219
196,16/11/2020 14:30:07,AVGO,SELL,1.30263457,374.81,488.24,USD,0.0032978
197,16/11/2020 14:30:23,MSFT,SELL,1.86228409,214.79,400,USD,0.0032997
198,16/11/2020 14:30:28,QCOM,SELL,2.05321844,145.51,298.76,USD,0.0032992
199,16/11/2020 14:33:48,DIS,SELL,2.0035262,142.1,284.7,USD,0.0032953
200,17/11/2020 14:30:02,SQ,BUY,0.2212267,180.81,40,USD,0.0032853
201,17/11/2020 14:30:02,MA,BUY,0.07485254,333.99,25,USD,0.0032853
202,17/11/2020 14:30:03,NFLX,BUY,0.04158004,481,20,USD,0.0032873
203,17/11/2020 14:30:06,TSLA,BUY,0.08691117,460.24,40,USD,0.0032854
204,23/11/2020 14:30:05,PYPL,BUY,0.10267467,194.79,20,USD,0.0032992
205,23/11/2020 14:30:07,NFLX,BUY,0.05104645,489.75,25,USD,0.003299
206,23/11/2020 14:30:11,TSLA,BUY,0.07949283,503.19,40,USD,0.0033008
207,23/11/2020 14:30:39,SQ,BUY,0.20002,199.98,40,USD,0.0033002
208,24/11/2020 22:51:45,,CASH WITHDRAWAL,,,-50,USD,0.0032978
209,25/11/2020 17:20:44,BABA,BUY,0.07246901,275.98,20,USD,0.0033022
210,29/11/2020 17:04:30,,CASH WITHDRAWAL,,,-40,USD,0.0033418
211,30/11/2020 14:30:04,SQ,BUY,0.09383063,213.15,20,USD,0.0033366
212,30/11/2020 14:30:04,SQ,BUY,0.25803424,213.15,55,USD,0.0033366
213,30/11/2020 14:31:14,TSLA,BUY,0.06598046,606.24,40,USD,0.0033367
214,30/11/2020 23:13:41,,CUSTODY_FEE,,,-0.07,USD,0.0033231
215,02/12/2020 8:25:07,V,DIVIDEND,,,0.48,USD,0.003384
216,07/12/2020 0:11:47,,CASH WITHDRAWAL,,,-40,USD,0.0033813
217,07/12/2020 14:30:03,SQ,BUY,0.19076688,209.68,40,USD,0.0033777
218,07/12/2020 14:30:52,TSLA,BUY,0.06563833,609.4,40,USD,0.0033797
219,11/12/2020 6:46:16,MSFT,DIVIDEND,,,0.68,USD,0.0034367
221,13/12/2020 22:40:05,,CASH WITHDRAWAL,,,-40,USD,0.0034598
222,14/12/2020 14:30:01,SQ,BUY,0.18247342,219.21,40,USD,0.0034417
223,14/12/2020 14:30:02,BABA,BUY,0.07674597,260.6,20,USD,0.0034417
224,14/12/2020 14:30:03,CRM,BUY,0.08937748,223.77,20,USD,0.0034399
225,14/12/2020 14:30:06,TSLA,BUY,0.06456924,619.49,40,USD,0.003442
226,21/12/2020 12:33:16,,CASH WITHDRAWAL,,,-40,USD,0.0033775
227,21/12/2020 14:30:02,CRM,BUY,0.04444444,225,10,USD,0.0033877
228,21/12/2020 14:30:02,SQ,BUY,0.16909744,236.55,40,USD,0.0033877
229,21/12/2020 14:31:19,TSLA,BUY,0.04530763,662.14,30,USD,0.0033892
230,25/12/2020 01:37:45,,CASH WITHDRAWAL,,,-50,USD,0.003369
231,28/12/2020 14:30:13,SQ,BUY,0.17135758,233.43,40,USD,0.0033654
232,28/12/2020 14:30:27,TSLA,BUY,0.05933837,674.1,40,USD,0.0033655
233,30/12/2020 07:29:12,NVDA,DIVIDEND,,,0.05,USD,0.003374
234,31/12/2020 14:30:02,CRM,BUY,0.13464991,222.8,30,USD,0.0033809
235,31/12/2020 14:30:02,FSLY,BUY,0.44057715,90.79,40,USD,0.0033809
236,01/01/2021 0:34:13,,CUSTODY_FEE,,,-0.08,USD,0.0033695
237,03/01/2021 10:52:50,,CASH WITHDRAWAL,,,-40,USD,0.003403
238,04/01/2021 14:30:01,SQ,BUY,0.2242253,222.99,50,USD,0.0034067
239,04/01/2021 14:30:01,CRM,BUY,0.179035,223.42,40,USD,0.0034067
240,04/01/2021 14:34:36,TSLA,BUY,0.04174784,718.6,30,USD,0.0034047
241,08/01/2021 19:51:33,,CASH WITHDRAWAL,,,-40,USD,0.0033984
242,11/01/2021 14:30:01,CRM,BUY,0.18213277,219.62,40,USD,0.0033681
243,11/01/2021 17:46:53,AMZN,BUY,0.0127051,3148.34,40,USD,0.0033707
244,15/01/2021 16:15:27,,CASH WITHDRAWAL,,,-40,USD,0.0033544
245,19/01/2021 14:30:01,SQ,BUY,0.17265938,231.67,40,USD,0.00339
246,19/01/2021 14:30:02,AMZN,BUY,0.01286508,3109.19,40,USD,0.0033905
247,22/01/2021 17:18:58,,CASH WITHDRAWAL,,,-40,USD,0.0034088
248,25/01/2021 14:30:01,CRM,BUY,0.08700191,229.88,20,USD,0.0034018
249,25/01/2021 14:30:01,BABA,BUY,0.07552299,264.82,20,USD,0.0034018
250,25/01/2021 14:30:18,SQ,BUY,0.17710085,225.86,40,USD,0.0034002
251,28/01/2021 14:52:17,SQ,BUY,0.23674242,211.2,50,USD,0.0033764
252,29/01/2021 13:46:50,,CASH WITHDRAWAL,,,-30,USD,0.0033931
253,29/01/2021 21:40:57,,CASH WITHDRAWAL,,,-50,USD,0.003398
254,01/02/2021 1:40:49,,CUSTODY_FEE,,,-0.09,USD,0.0033973
255,01/02/2021 14:09:51,,CASH WITHDRAWAL,,,-50,USD,0.0033937
256,01/02/2021 15:44:46,,CASH WITHDRAWAL,,,-40,USD,0.0033963
257,01/02/2021 15:46:10,CRM,BUY,0.06612007,226.86,15,USD,0.0033959
258,01/02/2021 15:46:56,BABA,BUY,0.05815756,257.92,15,USD,0.0033981
259,06/02/2021 1:14:26,,CASH WITHDRAWAL,,,-40,USD,0.003411
260,08/02/2021 14:30:02,SQ,BUY,0.32629088,245.18,80,USD,0.0033599
261,10/02/2021 6:28:08,MA,DIVIDEND,,,0.42,USD,0.0033844
262,12/02/2021 5:44:54,AAPL,DIVIDEND,,,0.4,USD,0.0033881
263,14/02/2021 19:49:21,,CASH WITHDRAWAL,,,-40,USD,0.0034147
264,16/02/2021 14:30:02,SQ,BUY,0.2875629,278.2,80,USD,0.0033718
265,20/02/2021 23:26:19,,CASH WITHDRAWAL,,,-40,USD,0.0034147
266,22/02/2021 14:30:02,SQ,BUY,0.2937936,272.3,80,USD,0.0033813
267,01/03/2021 2:34:12,,CUSTODY_FEE,,,-0.08,USD,0.0033356
268,02/03/2021 5:23:09,V,DIVIDEND,,,0.48,USD,0.0033024
269,12/03/2021 5:23:44,MSFT,DIVIDEND,,,0.68,USD,0.0032766
270,19/03/2021 13:30:02,SQ,BUY,0.17590149,227.4,40,USD,0.0032302
271,19/03/2021 13:30:02,CRM,BUY,0.15823987,210.44,33.3,USD,0.0032302
272,19/03/2021 13:30:52,TSLA,BUY,0.06194059,645.78,40,USD,0.0032307
273,01/04/2021 3:38:22,,CUSTODY_FEE,,,-1.02,USD,0.003259
274,01/04/2021 4:24:19,NVDA,DIVIDEND,,,0.05,USD,0.003259
276,22/04/2021 13:30:02,TSLA,SELL,0.67442707,741.37,500,USD,0.00333
277,22/04/2021 13:40:03,MSFT,BUY,0.5732411,261.67,150,USD,0.00333
278,22/04/2021 13:40:18,CRM,BUY,0.34838653,229.63,80,USD,0.00333
279,22/04/2021 13:40:37,NFLX,BUY,0.09836904,508.29,50,USD,0.00333
280,22/04/2021 13:40:53,AMZN,BUY,0.01489039,3357.87,50,USD,0.00333
281,26/04/2021 13:30:01,NVTA,SELL,0.92114959,36.67,33.78,USD,0.003334
282,26/04/2021 13:30:04,PTON,SELL,1.526805,102.66,156.74,USD,0.003334
283,26/04/2021 13:30:47,TSLA,SELL,1.48413832,741.17,1100,USD,0.003334
284,26/04/2021 13:30:57,CRSP,SELL,1.68761372,128.22,216.39,USD,0.003334
285,26/04/2021 16:08:18,NFLX,BUY,1.18287201,507.24,600,USD,0.003334
286,26/04/2021 16:08:38,AMZN,BUY,0.07189934,3338,240,USD,0.003334
287,26/04/2021 16:08:54,MSFT,BUY,0.91989267,260.9,240,USD,0.003334
288,26/04/2021 16:09:10,PYPL,BUY,0.51980841,269.33,140,USD,0.003334
289,26/04/2021 16:09:29,MA,BUY,0.30931821,387.95,120,USD,0.003334
290,26/04/2021 16:09:45,V,BUY,0.52069773,230.46,120,USD,0.003334
291,26/04/2021 16:10:01,AAPL,BUY,0.74465708,134.29,100,USD,0.003334
292,26/04/2021 16:11:28,TWLO,BUY,0.14143199,395.95,56,USD,0.003334
293,26/04/2021 16:11:47,LMND,BUY,0.40506329,98.75,40,USD,0.003334
294,26/04/2021 16:12:16,GOOGL,BUY,0.0089949,2317.98,20.85,USD,0.003334
296,30/04/2021 13:30:41,SPOT,BUY,1.92307692,260,500,USD,0.003339
297,01/05/2021 7:14:11,,CUSTODY_FEE,,,-1.09,USD,0.003341
300,04/05/2021 19:25:45,MSFT,BUY,0.12161011,246.69,30,USD,0.003345
301,04/05/2021 19:25:59,SPOT,BUY,0.12518255,239.65,30,USD,0.003345
302,04/05/2021 19:26:18,AAPL,BUY,0.31414434,127.33,40,USD,0.003345
304,06/05/2021 13:30:01,SPOT,BUY,0.12295081,244,30,USD,0.003392
305,06/05/2021 13:30:01,NFLX,BUY,0.08063215,496.08,40,USD,0.003392
306,06/05/2021 13:30:02,PYPL,BUY,0.1171875,256,30,USD,0.003392
307,10/05/2021 4:24:03,MA,DIVIDEND,,,0.42,USD,0.003387
309,11/05/2021 13:30:02,MSFT,BUY,0.20624207,244.47,50.42,USD,0.003378
310,11/05/2021 13:30:05,AMZN,BUY,0.01594245,3136.28,50,USD,0.003378
311,11/05/2021 13:30:47,AAPL,BUY,0.56721497,123.41,70,USD,0.003378
313,13/05/2021 13:30:01,PYPL,BUY,0.08266854,241.93,20,USD,0.00342
314,13/05/2021 13:30:02,AMZN,BUY,0.01034174,3190.95,33,USD,0.00342
315,13/05/2021 13:30:02,AAPL,BUY,0.26463512,124.7,33,USD,0.00342
316,13/05/2021 13:30:07,MSFT,BUY,0.13644257,241.86,33,USD,0.00342
317,14/05/2021 04:42:30,AAPL,DIVIDEND,,,0.63,USD,0.00342
318,17/05/2021 13:32:34,DIS,BUY,1.69060869,172.5,291.63,USD,0.003486
319,17/05/2021 16:45:55,SQ,SELL,3.78233899,198.29,750,USD,0.003486
320,17/05/2021 19:00:16,AAPL,BUY,0.19904458,125.6,25,USD,0.003486
321,17/05/2021 19:00:31,MA,BUY,0.0692943,360.78,25,USD,0.003486
322,17/05/2021 19:00:46,PYPL,BUY,0.10306303,242.57,25,USD,0.003486
323,17/05/2021 19:01:03,MSFT,BUY,0.10231225,244.35,25,USD,0.003486
324,17/05/2021 19:01:40,DIS,BUY,0.14779781,169.15,25,USD,0.003486
325,17/05/2021 19:06:17,SPOT,BUY,0.11411356,219.08,25,USD,0.003486
326,19/05/2021 16:56:03,AAPL,BUY,0.48390999,123.99,60,USD,0.003499
327,19/05/2021 16:56:20,DIS,BUY,0.35669698,168.21,60,USD,0.003499
328,19/05/2021 16:56:55,CRM,BUY,0.09106638,219.62,20,USD,0.003499
329,19/05/2021 16:57:09,PYPL,BUY,0.08253208,242.33,20,USD,0.003499
330,19/05/2021 16:57:23,MA,BUY,0.05580512,358.39,20,USD,0.003499
331,19/05/2021 16:59:35,AAPL,BUY,0.08065817,123.98,10,USD,0.003499
332,19/05/2021 16:59:48,DIS,BUY,0.05947424,168.14,10,USD,0.003499
333,25/05/2021 16:52:49,AAPL,BUY,0.55187637,126.84,70,USD,0.003486
334,25/05/2021 16:53:04,DIS,BUY,0.39673543,176.44,70,USD,0.003486
335,25/05/2021 16:53:48,PYPL,BUY,0.07703863,259.61,20,USD,0.003486
336,25/05/2021 16:54:04,CRM,BUY,0.08759635,228.32,20,USD,0.003486
337,25/05/2021 16:54:18,MA,BUY,0.0540409,370.09,20,USD,0.003486
338,01/06/2021 7:55:48,,CUSTODY_FEE,,,-1.14,USD,0.003522
340,01/06/2021 13:30:02,DIS,BUY,0.443207,180.48,79.99,USD,0.003522
341,01/06/2021 13:31:02,AAPL,BUY,0.958926,125.14,120,USD,0.003522
342,02/06/2021 4:25:50,V,DIVIDEND,,,0.61,USD,0.003493
343,11/06/2021 4:25:12,MSFT,DIVIDEND,,,1.66,USD,0.003478
345,14/06/2021 19:40:52,MSFT,BUY,0.19336375,258.58,50,USD,0.003451
346,14/06/2021 19:41:07,AAPL,BUY,0.3849411,129.89,50,USD,0.003451
347,14/06/2021 19:41:21,GOOGL,BUY,0.02050079,2438.93,50,USD,0.003451
348,14/06/2021 19:41:52,AAPL,BUY,0.20984994,129.95,27.27,USD,0.003451
349,21/06/2021 16:27:36,NVDA,SELL,0.35615433,725.14,258.26,USD,0.003407
350,21/06/2021 16:29:32,TWLO,BUY,0.20428174,367.14,75,USD,0.003407
351,21/06/2021 16:29:48,GOOGL,BUY,0.03086508,2429.93,75,USD,0.003407
352,21/06/2021 16:30:06,MSFT,BUY,0.19067231,262.23,50,USD,0.003407
353,21/06/2021 16:30:23,AAPL,BUY,0.44068694,132.18,58.25,USD,0.003407
355,30/06/2021 13:30:01,GOOGL,BUY,0.02042183,2448.36,50,USD,0.003374
356,30/06/2021 13:30:01,AMZN,BUY,0.01450957,3446,50,USD,0.003374
357,30/06/2021 13:30:01,V,BUY,0.12698412,236.25,30,USD,0.003374
358,30/06/2021 13:30:01,FB,BUY,0.14181983,352.56,50,USD,0.003374
359,30/06/2021 13:30:02,AAPL,BUY,0.36724201,136.15,50,USD,0.003374
360,30/06/2021 13:30:02,TWLO,BUY,0.12467273,401.05,50,USD,0.003374
361,30/06/2021 13:30:03,MSFT,BUY,0.18476091,270.62,50,USD,0.003374
362,30/06/2021 13:30:51,DIS,BUY,0.28720776,174.09,50,USD,0.003374
363,01/07/2021 4:46:39,,CUSTODY_FEE,,,-1.27,USD,0.003372
365,02/07/2021 4:39:50,NVDA,DIVIDEND,,,0.05,USD,0.003373
367,07/07/2021 18:33:01,AMZN,BUY,0.02695417,3710,100,USD,0.003315
368,07/07/2021 18:33:16,FB,BUY,0.28432515,351.71,100,USD,0.003315
369,07/07/2021 18:33:30,GOOGL,BUY,0.03944446,2535.21,100,USD,0.003315
371,27/07/2021 18:24:43,LMND,SELL,3.44440642,86.57,298.18,USD,0.003287
372,27/07/2021 18:24:59,FSLY,SELL,4.77208162,47.86,228.39,USD,0.003287
373,27/07/2021 18:25:19,BABA,SELL,1.3637429,182.42,248.77,USD,0.003287
374,27/07/2021 18:25:36,TSLA,SELL,0.71632671,642.88,460.51,USD,0.003287
375,27/07/2021 18:26:19,PYPL,SELL,0.86464023,298.39,258,USD,0.003287
376,27/07/2021 18:26:57,SPOT,SELL,0.63014619,238.04,150,USD,0.003287
377,27/07/2021 18:27:19,SQ,SELL,2.03788634,250.75,511,USD,0.003287
378,27/07/2021 18:28:42,CRM,SELL,3.23516304,242.7,785.17,USD,0.003287
379,27/07/2021 18:29:31,VICI,BUY,6.29754408,31.76,200,USD,0.003287
380,27/07/2021 18:30:07,HD,BUY,0.60984906,327.95,200,USD,0.003287
381,27/07/2021 18:30:29,ABBV,BUY,1.69836956,117.76,200,USD,0.003287
382,27/07/2021 18:30:49,O,BUY,2.81017282,71.17,200,USD,0.003287
383,27/07/2021 18:31:14,COST,BUY,0.47281323,423,200,USD,0.003287
384,27/07/2021 18:31:34,NKE,BUY,1.21728545,164.3,200,USD,0.003287
385,27/07/2021 18:31:52,JPM,BUY,1.31813089,151.73,200,USD,0.003287
386,27/07/2021 18:32:13,TROW,BUY,0.98454267,203.14,200,USD,0.003287
387,27/07/2021 18:32:33,JNJ,BUY,1.16171003,172.16,200,USD,0.003287
388,27/07/2021 18:32:54,VZ,BUY,3.56506238,56.1,200,USD,0.003287
389,27/07/2021 18:33:15,D,BUY,2.59268861,77.14,200,USD,0.003287
390,27/07/2021 18:33:32,NEE,BUY,2.56673511,77.92,200,USD,0.003287
391,27/07/2021 18:33:52,AVGO,BUY,0.42352243,472.23,200,USD,0.003287
392,27/07/2021 18:34:14,HON,BUY,0.87058721,229.73,200,USD,0.003287
393,29/07/2021 13:30:02,AMT,BUY,0.68965517,290,200,USD,0.003313
394,29/07/2021 18:39:00,BLK,BUY,0.2296976,870.71,200,USD,0.003313
395,01/08/2021 11:05:50,,CUSTODY_FEE,,,-1.35,USD,0.003327
396,02/08/2021 13:30:01,AMT,BUY,0.07017297,285.01,20,USD,0.003337
397,02/08/2021 13:30:17,D,BUY,0.26656004,75.03,20,USD,0.003337
398,02/08/2021 13:30:48,VICI,BUY,0.63613231,31.44,20,USD,0.003337
399,10/08/2021 4:55:03,MA,DIVIDEND,,,0.59,USD,0.003319
400,10/08/2021 13:30:09,VICI,BUY,1.98411647,30.22,59.96,USD,0.003319
401,13/08/2021 04:23:57,AAPL,DIVIDEND,,,1.47,USD,0.003348
402,16/08/2021 04:25:20,COST,DIVIDEND,,,0.31,USD,0.00333
403,16/08/2021 04:25:34,O,DIVIDEND,,,0.56,USD,0.00333
404,01/09/2021 8:04:05,,CUSTODY_FEE,,,-1.42,USD,0.003405
405,02/09/2021 4:44:02,V,DIVIDEND,,,0.65,USD,0.003418
406,07/09/2021 4:29:12,HON,DIVIDEND,,,0.69,USD,0.003378
407,08/09/2021 4:31:53,JNJ,DIVIDEND,,,1.05,USD,0.003372
408,10/09/2021 4:32:56,MSFT,DIVIDEND,,,1.93,USD,0.003376
410,13/09/2021 13:30:01,ABBV,BUY,0.46502976,107.52,50,USD,0.003374
411,13/09/2021 13:30:01,HD,BUY,0.14925818,334.99,50,USD,0.003374
412,13/09/2021 13:31:46,O,BUY,1.09425153,68.54,75,USD,0.003374
413,13/09/2021 13:31:50,VICI,BUY,2.48591315,30.17,75,USD,0.003374
414,16/09/2021 05:00:59,O,DIVIDEND,,,0.56,USD,0.003323
415,16/09/2021 05:04:22,NEE,DIVIDEND,,,0.84,USD,0.003323
416,16/09/2021 13:30:03,SPOT,BUY,0.02746184,241.79,6.64,USD,0.003323
417,17/09/2021 04:28:39,HD,DIVIDEND,,,0.86,USD,0.003323
418,21/09/2021 04:57:36,D,DIVIDEND,,,1.53,USD,0.003293
419,23/09/2021 05:28:12,BLK,DIVIDEND,,,0.81,USD,0.003284
420,23/09/2021 13:30:01,HON,BUY,0.01472686,217.29,3.2,USD,0.003284
421,30/09/2021 05:12:24,TROW,DIVIDEND,,,0.9,USD,0.003244
422,01/10/2021 5:28:10,AVGO,DIVIDEND,,,1.29,USD,0.003244
423,02/10/2021 11:51:37,,CUSTODY_FEE,,,-1.38,USD,0.00325
424,04/10/2021 4:26:38,NKE,DIVIDEND,,,0.28,USD,0.003243
425,08/10/2021 5:16:12,VICI,DIVIDEND,,,3.49,USD,0.003211
426,18/10/2021 04:29:49,O,DIVIDEND,,,0.78,USD,0.003211
427,18/10/2021 04:32:36,AMT,DIVIDEND,,,0.85,USD,0.003211
429,03/11/2021 4:48:32,VZ,DIVIDEND,,,1.94,USD,0.003209
430,03/11/2021 8:07:02,,CUSTODY_FEE,,,-1.44,USD,0.003209
431,03/11/2021 13:30:01,JNJ,BUY,0.60521697,165.23,100,USD,0.003209
432,03/11/2021 13:30:01,AAPL,BUY,0.37376155,150.39,56.21,USD,0.003209
433,03/11/2021 13:30:01,GOOGL,BUY,0.01369839,2920.05,40,USD,0.003209
434,03/11/2021 13:30:02,AMZN,BUY,0.01206654,3314.95,40,USD,0.003209
435,03/11/2021 13:30:02,AMT,BUY,0.35211267,284,100,USD,0.003209
436,03/11/2021 13:30:08,VICI,BUY,3.38638672,29.53,100,USD,0.003209
437,03/11/2021 13:30:09,D,BUY,1.32749236,75.33,100,USD,0.003209
438,03/11/2021 13:30:15,HON,BUY,0.45289855,220.8,100,USD,0.003209
439,03/11/2021 13:30:25,MSFT,BUY,0.14984865,333.67,50,USD,0.003209
440,03/11/2021 13:31:06,VZ,BUY,1.90150218,52.59,100,USD,0.003209
441,08/11/2021 5:27:50,JPM,DIVIDEND,,,1.12,USD,0.003214
442,10/11/2021 8:03:34,MA,DIVIDEND,,,0.59,USD,0.003136
443,15/11/2021 05:30:19,COST,DIVIDEND,,,0.31,USD,0.003099
444,17/11/2021 06:11:03,AAPL,DIVIDEND,,,1.54,USD,0.003123
445,17/11/2021 06:17:45,ABBV,DIVIDEND,,,2.39,USD,0.003123
446,17/11/2021 14:30:01,AMT,BUY,0.02458735,262.33,6.45,USD,0.003123
447,18/11/2021 06:56:16,O,DIVIDEND,,,0.78,USD,0.003071
448,02/12/2021 10:03:51,,CUSTODY_FEE,,,-1.47,USD,0.003105
451,06/12/2021 18:48:56,ONL,SELL,0.39044244,18.01,7.03,USD,0.003071
452,06/12/2021 18:49:32,PYPL,BUY,0.53978192,185.26,100,USD,0.003071
453,06/12/2021 18:49:58,DIS,BUY,0.66440768,150.51,100,USD,0.003071
454,06/12/2021 18:50:21,VICI,BUY,3.5449982,27.89,98.87,USD,0.003071
455,06/12/2021 18:50:44,O,BUY,0.70600982,69.22,48.87,USD,0.003071
456,06/12/2021 18:51:15,TROW,BUY,0.24633298,198.39,48.87,USD,0.003071
457,06/12/2021 18:51:40,JNJ,BUY,0.60861803,162.45,98.87,USD,0.003071
458,06/12/2021 18:52:34,AMT,BUY,0.36452457,271.23,98.87,USD,0.003071
459,06/12/2021 18:52:56,HON,BUY,0.13940125,207.1,28.87,USD,0.003071
460,06/12/2021 19:15:06,VICI,BUY,3.44360632,27.84,95.87,USD,0.003071
461,07/12/2021 7:52:09,HON,DIVIDEND,,,1.11,USD,0.003108
462,08/12/2021 7:18:00,JNJ,DIVIDEND,,,1.59,USD,0.003091
463,09/12/2021 8:05:02,V,DIVIDEND,,,0.76,USD,0.003094
464,10/12/2021 9:49:44,MSFT,DIVIDEND,,,2.22,USD,0.003093
466,13/12/2021 14:30:50,NKE,SELL,1.21728545,168.81,205.49,USD,0.003063
467,13/12/2021 14:31:11,FB,SELL,1.51502145,330.86,501.26,USD,0.003063
468,13/12/2021 15:54:15,CRM,BUY,1.11376933,268.35,298.88,USD,0.003063
469,13/12/2021 15:54:43,AMZN,BUY,0.02904826,3403.99,98.88,USD,0.003063
470,13/12/2021 15:55:18,GOOGL,BUY,0.03371315,2932.98,98.88,USD,0.003063
471,13/12/2021 15:55:51,O,BUY,1.09419431,67.52,73.88,USD,0.003063
472,13/12/2021 15:56:11,ABBV,BUY,0.5821907,126.9,73.88,USD,0.003063
473,13/12/2021 15:56:30,HD,BUY,0.119511,409,48.88,USD,0.003063
474,13/12/2021 15:56:46,COST,BUY,0.08811017,554.76,48.88,USD,0.003063
475,13/12/2021 15:57:00,BLK,BUY,0.05320156,918.77,48.88,USD,0.003063
476,13/12/2021 15:57:26,TROW,BUY,0.32579208,193.16,62.93,USD,0.003063
477,16/12/2021 07:09:02,NEE,DIVIDEND,,,0.84,USD,0.003061
478,16/12/2021 07:13:58,O,DIVIDEND,,,0.82,USD,0.003061
480,20/12/2021 14:30:44,AAPL,BUY,0.40992679,168.03,68.88,USD,0.003068
481,20/12/2021 14:30:53,MSFT,BUY,0.23281381,320.17,74.54,USD,0.003068
482,20/12/2021 14:31:09,VICI,BUY,3.63930806,27.17,98.88,USD,0.003068
483,21/12/2021 08:29:50,D,DIVIDEND,,,2.24,USD,0.003076
484,21/12/2021 08:30:17,HD,DIVIDEND,,,1.06,USD,0.003076
485,27/12/2021 05:27:33,BLK,DIVIDEND,,,0.81,USD,0.003063
486,29/12/2021 05:28:45,NKE,DIVIDEND,,,0.31,USD,0.003069
487,31/12/2021 06:39:30,TROW,DIVIDEND,,,1.43,USD,0.00308
488,03/01/2022 5:29:05,AVGO,DIVIDEND,,,1.48,USD,0.00311
489,04/01/2022 5:15:54,,CUSTODY_FEE,,,-1.63,USD,0.003122
491,04/01/2022 18:22:41,VICI,BUY,4.64807436,30.12,140,USD,0.003122
492,04/01/2022 18:23:04,O,BUY,2.07239568,72.38,150,USD,0.003122
493,04/01/2022 18:23:53,ABBV,BUY,0.7397544,135.18,100,USD,0.003122
494,04/01/2022 18:24:16,HD,BUY,0.23993398,412.03,98.86,USD,0.003122
495,04/01/2022 18:24:44,COST,BUY,0.14874068,563.8,83.86,USD,0.003122
496,04/01/2022 18:25:25,PYPL,BUY,0.52298576,189.03,98.86,USD,0.003122
497,04/01/2022 18:25:56,AMZN,BUY,0.02984439,3335.97,99.56,USD,0.003122
498,07/01/2022 5:33:41,VICI,DIVIDEND,,,7.78,USD,0.003167
500,12/01/2022 14:30:02,HD,BUY,0.1025641,390,40,USD,0.003229
501,12/01/2022 14:30:02,CRM,BUY,0.16798958,238.11,40,USD,0.003229
502,12/01/2022 14:30:04,CRM,BUY,0.02007475,238.11,4.78,USD,0.003229
503,12/01/2022 14:30:04,AVGO,BUY,0.15879317,629.75,100,USD,0.003229
504,12/01/2022 14:30:25,TWLO,BUY,0.4189359,238.7,100,USD,0.003229
505,12/01/2022 14:30:34,COST,BUY,0.07646136,523.14,40,USD,0.003229
507,13/01/2022 14:41:43,MSFT,BUY,0.25367992,319.3,81,USD,0.003199
508,13/01/2022 14:42:00,NFLX,BUY,0.15050167,538.2,81,USD,0.003199
509,13/01/2022 14:42:28,TROW,BUY,0.44645317,181.43,81,USD,0.003199
510,13/01/2022 14:44:12,TROW,BUY,0.4512685,181.71,82,USD,0.003199
512,18/01/2022 05:33:38,AMT,DIVIDEND,,,1.78,USD,0.00319
513,18/01/2022 05:39:16,O,DIVIDEND,,,1.2,USD,0.00319
514,18/01/2022 14:30:02,NEE,BUY,0.62126933,82.09,51,USD,0.00319
515,18/01/2022 14:30:02,BLK,BUY,0.08929102,839.95,75,USD,0.00319
516,18/01/2022 14:30:02,TROW,BUY,0.30867726,174.94,54,USD,0.00319
517,18/01/2022 14:30:02,JPM,BUY,0.32096546,155.78,50,USD,0.00319
518,18/01/2022 14:30:45,O,BUY,0.70264193,71.16,50,USD,0.00319
519,18/01/2022 14:30:48,VZ,BUY,0.75089168,53.27,40,USD,0.00319
520,18/01/2022 14:30:52,ABBV,BUY,0.36889479,135.54,50,USD,0.00319
521,18/01/2022 14:31:44,HD,BUY,0.39836259,363.99,145,USD,0.00319
523,21/01/2022 17:08:45,NFLX,BUY,0.58825836,407.95,239.98,USD,0.003165
525,24/01/2022 16:51:12,GOOGL,BUY,0.06341681,2522.99,160,USD,0.00315
527,25/01/2022 14:30:13,MSFT,BUY,0.37664783,292.05,110,USD,0.003121
529,31/01/2022 15:59:11,AMZN,BUY,0.04231106,2954.31,125,USD,0.00317
530,01/02/2022 5:55:23,JPM,DIVIDEND,,,1.12,USD,0.003191
532,01/02/2022 17:42:41,TROW,BUY,0.48958809,153.19,75,USD,0.003191
533,01/02/2022 17:43:14,AVGO,BUY,0.3927998,585.54,230,USD,0.003191
534,01/02/2022 17:43:38,BLK,BUY,0.11510407,825.34,95,USD,0.003191
535,01/02/2022 17:43:54,NEE,BUY,0.98000784,76.53,75,USD,0.003191
536,01/02/2022 17:44:15,JPM,BUY,0.5004671,149.86,75,USD,0.003191
537,01/02/2022 17:44:33,PYPL,BUY,0.43350095,173.01,75,USD,0.003191
538,01/02/2022 17:44:51,HD,BUY,0.20470549,366.38,75,USD,0.003191
539,01/02/2022 17:45:17,COST,BUY,0.20080624,503.57,101.12,USD,0.003191
540,02/02/2022 5:27:50,VZ,DIVIDEND,,,2.97,USD,0.003228
541,02/02/2022 5:49:43,,CUSTODY_FEE,,,-1.74,USD,0.003228
543,08/02/2022 16:00:03,,CASH WITHDRAWAL,,,-141.23,USD,0.003236
544,10/02/2022 5:51:14,MA,DIVIDEND,,,0.66,USD,0.003183
545,15/02/2022 05:43:41,AAPL,DIVIDEND,,,1.61,USD,0.003205
547,15/02/2022 14:30:22,CRM,BUY,0.48600484,210.43,102.27,USD,0.003205
548,16/02/2022 05:45:03,ABBV,DIVIDEND,,,4.17,USD,0.003188
549,16/02/2022 05:50:48,O,DIVIDEND,,,1.78,USD,0.003188
550,22/02/2022 05:28:05,COST,DIVIDEND,,,0.66,USD,0.003132
551,02/03/2022 5:50:59,V,DIVIDEND,,,0.76,USD,0.002908
552,02/03/2022 11:29:07,,CUSTODY_FEE,,,-1.72,USD,0.002908
553,09/03/2022 6:06:05,JNJ,DIVIDEND,,,2.14,USD,0.002889
554,11/03/2022 5:42:02,MSFT,DIVIDEND,,,2.67,USD,0.002853
555,14/03/2022 05:02:41,HON,DIVIDEND,,,1.23,USD,0.002952
556,16/03/2022 05:24:29,O,DIVIDEND,,,1.78,USD,0.002984
557,17/03/2022 04:27:47,NEE,DIVIDEND,,,1.5,USD,0.002945
558,22/03/2022 04:29:51,D,DIVIDEND,,,2.37,USD,0.002943
559,24/03/2022 05:23:15,BLK,DIVIDEND,,,2.02,USD,0.002944
560,25/03/2022 05:07:16,HD,DIVIDEND,,,2.95,USD,0.002944
561,31/03/2022 04:23:35,TROW,DIVIDEND,,,3.31,USD,0.003
562,01/04/2022 5:24:43,AVGO,DIVIDEND,,,3.4,USD,0.0030177